"id","title","date"
"-frontex-and-the-us-department-of-homeland-security-3TeBA3"," Frontex and the US Department of Homeland Security","2009-04-29"
"13-800-migrants-rescued-in-central-med-last-week-ACfEBV","13 800 migrants rescued in Central Med last week","2016-05-30"
"2-400-migrants-rescued-off-libyan-coast-before-easter-8k1Cj9","2 400 migrants rescued off Libyan coast before Easter","2015-04-08"
"23-000-migrants-arrived-in-greece-last-week-vQZzyE","23 000 migrants arrived in Greece last week","2015-09-01"
"23-smugglers-arrested-drugs-and-cigarettes-seized-during-frontex-led-operation-PIk7rS","23 smugglers arrested, drugs and cigarettes seized during Frontex-led operation","2018-06-29"
"24-people-smugglers-arrested-in-frontex-coordinated-operation-at-europe-s-land-borders-KbcPwx","24 people smugglers arrested in Frontex-coordinated operation at Europe's land borders","2017-10-16"
"26-people-smugglers-arrested-in-10-days-in-a-frontex-led-operation-23hGxi","26 people smugglers arrested in 10 days in a Frontex-led operation","2019-07-15"
"2nd-global-abc-conference-and-exhibition-jtGhmL","2nd Global ABC Conference and Exhibition","2013-06-20"
"439-stolen-cars-seized-in-12-days-as-part-of-frontex-led-operation-vvvirI","439 stolen cars seized in 12 days as part of Frontex-led operation","2019-10-14"
"5-900-people-saved-in-dramatic-rescue-operations-off-libyan-coast-hSgsmj","5 900 people saved in dramatic rescue operations off Libyan coast","2016-10-24"
"5-vessels-deployed-by-frontex-engaged-in-rescue-operations-in-central-mediterranean-sJnCVI","5 vessels deployed by Frontex engaged in rescue operations in Central Mediterranean","2017-06-28"
"500-stolen-cars-stopped-700-kg-of-heroin-seized-at-europe-s-borders-during-operation-led-by-frontex-eCbwW7","500 stolen cars stopped, 700 kg of heroin seized at Europe’s borders during operation led by Frontex","2018-10-11"
"540-000-migrants-arrived-on-greek-islands-in-the-first-10-months-of-2015-4uH4FJ","540 000 migrants arrived on Greek islands in the first 10 months of 2015","2015-11-10"
"5th-eu-anti-trafficking-day-was-held-in-warsaw-HU5qgh","5th EU Anti-Trafficking Day was held in Warsaw","2011-10-19"
"5th-meeting-of-contact-group-of-european-coastguard-functions-hosted-in-warsaw-ld13kn","5th Meeting of Contact Group of European Coastguard Functions hosted in Warsaw","2016-05-26"
"710-000-migrants-entered-eu-in-first-nine-months-of-2015-NUiBkk","710 000 migrants entered EU in first nine months of 2015","2015-10-13"
"a-sequel-of-operation-hera-just-starting-uy631h","A sequel of operation Hera just starting","2007-02-15"
"abc-conference-and-exhibition-6QJ0JK","ABC Conference and Exhibition","2013-10-07"
"abc-conference-and-exhibition-call-for-extended-abstracts-Dv1PaM","ABC Conference and Exhibition - Call for Extended Abstracts","2013-06-20"
"africa-frontex-intelligence-community-risk-analysis-course-held-in-spain-HpOyJZ","Africa-Frontex Intelligence Community risk analysis course held in Spain","2019-10-09"
"after-the-money-prices-for-people-smuggling-on-central-and-western-mediterranean-routes-EHDfJg","After the money: Prices for people smuggling on Central and Western Mediterranean routes","2020-06-23"
"agency-hosted-delegation-from-european-parliament-s-libe-committee-PjiqAW","Agency hosted delegation from European Parliament’s LIBE Committee","2017-02-22"
"analysis-of-w-balkans-number-of-syrians-quadrupled-in-q2-M5wDHk","Analysis of W. Balkans: Number of Syrians quadrupled in Q2","2015-09-04"
"analytical-report-for-the-first-quarter-of-2015-published-jejDJn","Analytical report for the first quarter of 2015 published","2015-07-08"
"annual-report-of-the-frontex-consultative-forum-on-fundamental-rights-published-V2Fmoa","Annual Report of the Frontex Consultative Forum on Fundamental Rights published","2017-05-12"
"annual-risk-analysis-2011-uGgHEQ","Annual Risk Analysis 2011","2011-05-11"
"annual-risk-analysis-2013-published-WuhFH2","Annual Risk Analysis 2013 published","2013-04-18"
"arrival-of-migrants-in-april-italy-higher-than-year-ago-numbers-in-greece-drop-jFLrEp","Arrival of migrants in April: Italy higher than year ago, numbers in Greece drop","2017-05-16"
"arrival-of-migrants-in-february-surge-in-italy-drop-in-greece-8F7H77","Arrival of migrants in February: surge in Italy, drop in Greece","2017-03-15"
"arrival-of-migrants-in-june-numbers-rising-in-italy-and-spain-OjEeS0","Arrival of migrants in June: Numbers rising in Italy and Spain","2017-07-20"
"arrival-of-migrants-in-march-italy-remains-under-pressure-greece-up-from-previous-month-a2sxof","Arrival of migrants in March: Italy remains under pressure, Greece up from previous month","2017-04-12"
"arrival-of-migrants-in-may-numbers-in-italy-and-greece-higher-than-month-ago-sA649y","Arrival of migrants in May: Numbers in Italy and Greece higher than month ago","2017-06-23"
"assets-deployed-in-operation-triton-involved-in-saving-3-000-migrants-since-friday-xmtkwU","Assets deployed in operation Triton involved in saving 3,000 migrants since Friday","2015-02-16"
"become-a-trainee-at-eu-s-most-dynamic-agency-1p07gA","Become a trainee at EU's most dynamic agency","2019-07-30"
"boat-carrying-13-tonnes-of-drugs-intercepted-as-part-of-operation-triton-QBbcCa","Boat carrying 13 tonnes of drugs intercepted as part of Operation Triton","2015-12-04"
"body-found-following-shooting-incident-aboard-smuggling-vessel-in-greece-KTWyC0","Body found following shooting incident aboard smuggling vessel in Greece","2015-08-30"
"border-management-cooperation-in-the-mediterranean-region-takes-centre-stage-at-frontex-conference-TqTTCo","Border management cooperation in the Mediterranean region takes centre stage at Frontex conference","2018-05-08"
"border-surveillance-demonstration-and-workshop-finland-2014-2kdd8a","Border Surveillance Demonstration and Workshop Finland 2014","2014-03-11"
"call-for-expressions-of-interest-pool-of-experts-on-automated-border-control-VYFdtf","Call for Expressions of Interest: Pool of Experts on Automated Border Control","2014-08-08"
"call-for-expressions-of-interest-pool-of-experts-on-automated-border-control-fyKXmZ","Call for Expressions of Interest: Pool of Experts on Automated Border Control","2013-04-12"
"call-for-extended-abstracts-for-conference-and-exhibition-on-biometrics-htB7uc","Call for Extended Abstracts for Conference and Exhibition on Biometrics","2017-05-30"
"call-for-papers-innovation-in-border-control--8E5Bzz","Call for papers “Innovation in Border Control”","2012-02-17"
"call-for-papers-workshop-on-innovation-in-border-control--ldg1VS","Call for papers “Workshop on Innovation in Border Control”","2013-01-16"
"call-for-white-papers-on-rapid-deployable-and-cost-effective-land-border-surveillance-systems-CHuzfH","Call for White papers on rapid deployable and cost-effective land border surveillance systems","2013-03-27"
"central-med-remained-under-migratory-pressure-in-may-9Wtxug","Central Med remained under migratory pressure in May","2016-06-15"
"coastex-2019-exercise-r6JjjB","COASTEX 2019 exercise","2019-06-06"
"commissioner-avramopoulos-at-ed4bg-Jo3Wow","Commissioner Avramopoulos at ED4BG","2015-05-22"
"commissioner-avramopoulos-visits-frontex-meets-with-agency-s-staff-dGUwSQ","Commissioner Avramopoulos visits Frontex, meets with agency’s staff","2019-10-01"
"commissioner-avramopoulos-visits-frontex-the-european-border-and-coast-guard-agency-Yi7nCt","Commissioner Avramopoulos visits Frontex, the European Border and Coast Guard Agency","2017-03-21"
"commissioner-malmstrom-visits-frontex-mhWHs6","Commissioner Malmström visits Frontex","2010-02-18"
"common-training-standards-for-the-eu-border-guard-services-1NyLhR","Common Training Standards for the EU Border Guard Services","2008-03-04"
"conference-and-exhibition-on-biometrics-on-the-move-2017-xG4APD","Conference and Exhibition on Biometrics on the move 2017","2017-06-21"
"conference-on-passenger-facilitation-for-improved-border-management-NbVGaQ","Conference on Passenger Facilitation for Improved Border Management","2011-04-27"
"conference-on-the-european-system-of-border-guards-ERdcZY","Conference on the European System of Border Guards","2013-10-07"
"conference-on-the-european-system-of-border-guards-lPkFl0","Conference on the European System of Border Guards","2013-07-22"
"conference-on-trafficking-in-human-beings-P9UejV","Conference on Trafficking in Human Beings","2009-02-27"
"congratulations-to-the-graduates-of-the-second-class-of-frontex-joint-master-s-programme-8CnRpk","Congratulations to the graduates of the second class of Frontex Joint Master’s programme","2019-06-28"
"consultative-forum-on-fundamental-rights-elects-chairpersons-at-inaugural-meeting-LEmmP6","Consultative Forum on Fundamental Rights elects Chairpersons at inaugural meeting","2012-10-16"
"consultative-forum-on-fundamental-rights-taking-shape-954HL0","Consultative Forum on Fundamental Rights taking shape","2012-09-06"
"covid-19-restrictions-4IdY3J","COVID-19 Restrictions","2020-03-26"
"current-situation-at-the-external-borders-of-the-eu-jan-spt-2010--JGiAoq","Current situation at the external borders of the EU (Jan-Spt 2010)","2010-11-17"
"danish-minister-meets-frontex-executive-director-QV2dpm","Danish Minister meets Frontex Executive Director","2015-07-20"
"december-figures-for-three-main-migratory-routes-into-eu-Cdzfw4","December figures for three main migratory routes into EU","2017-01-13"
"directors-of-three-eu-agencies-emsa-cfca-and-frontex-meet-in-warsaw-to-discuss-cooperation-dJ8XTR","Directors of three EU Agencies: EMSA, CFCA AND FRONTEX meet in Warsaw to discuss cooperation","2008-08-28"
"dramatic-rescue-operation-off-the-coast-of-libya-29-dead-EDomPH","Dramatic rescue operation off the coast of Libya - 29 dead","2015-02-10"
"drop-in-arrivals-to-the-eu-on-three-main-migratory-routes-in-january-qNS6lJ","Drop in arrivals to the EU on three main migratory routes in January","2017-02-13"
"easo-and-frontex-sign-updated-cooperation-plan-AlmmxV","EASO and Frontex sign updated Cooperation Plan","2019-07-18"
"eastern-borders-overview-2012-published-jC3fgK","Eastern Borders Overview 2012 published","2012-07-12"
"eastern-borders-risk-analysis-network-annual-overview-2011-NNU78B","Eastern Borders Risk Analysis Network Annual Overview 2011","2011-10-25"
"eastern-european-borders-annual-risk-analysis-2015-published-3HncmG","Eastern European Borders Annual Risk Analysis 2015 published","2015-05-18"
"enlarged-triton-helping-rescue-migrants-jumO29","Enlarged Triton helping rescue migrants","2015-05-04"
"eu-agencies-join-10-year-anniversary-of-eu-s-fundamental-rights-charter-oSO1Jx","EU Agencies join 10-year anniversary of EU’s Fundamental Rights Charter","2019-11-12"
"eu-agencies-meet-on-future-activities-of-the-european-coast-guard-9f0SFG","EU agencies meet on future activities of the European Coast Guard","2018-04-12"
"eu-agencies-the-way-ahead-4Tc3Qz","EU agencies: the way ahead","2011-01-27"
"eu-commissioner-king-visits-frontex-IVmKXq","EU Commissioner King visits Frontex","2017-10-16"
"eu-funded-migration-management-project-launched-in-belgrade-siPs0f","EU-Funded migration management project launched in Belgrade","2016-03-09"
"eu-liaison-officers-met-within-the-framework-of-the-africa-frontex-intelligence-community-cqKYTf","EU liaison officers met within the framework of the Africa-Frontex Intelligence Community","2016-12-19"
"eu-member-states-and-frontex-show-support-for-italy-at-meeting-to-discuss-operation-triton-BQUaRu","EU Member States and Frontex show support for Italy at meeting to discuss Operation Triton","2017-07-20"
"europe-and-you-in-2006-a-snapshot-of-eu-achievements-NMzH30","Europe and you in 2006 – A snapshot of EU achievements","2007-01-04"
"europe-day-united-against-corona-virus-with-eyes-on-the-future-r9vMlS","Europe Day – united against corona virus with eyes on the future","2020-05-08"
"european-border-and-coast-guard-agency-concluded-hq-agreement-negotiations-rJh6WD","European Border and Coast Guard Agency concluded HQ Agreement negotiations","2017-01-23"
"european-border-and-coast-guard-agency-frontex-involved-in-search-and-rescue-operation-off-lesvos-Q3sC4e","European Border and Coast Guard Agency (Frontex) involved in search and rescue operation off Lesvos","2019-06-11"
"european-border-and-coast-guard-agency-launches-rapid-intervention-pool-P93Lhp","European Border and Coast Guard Agency launches rapid intervention pool","2016-12-07"
"european-border-and-coast-guard-agency-launches-today-CHIYAp","European Border and Coast Guard Agency launches today","2016-10-06"
"european-border-and-coast-guard-agency-publishes-analysis-for-western-balkans-for-q2-PQNvaH","European Border and Coast Guard Agency publishes analysis for Western Balkans for Q2","2016-10-10"
"european-border-and-coast-guard-agency-publishes-eastern-partnership-risk-analysis-network-quarterly-for-q2-I0kcKl","European Border and Coast Guard Agency publishes Eastern Partnership Risk Analysis Network Quarterly for Q2","2016-10-11"
"european-border-guards-complete-frontex-s-unique-educational-course-fKVWV8","European border guards complete Frontex’s unique educational course","2016-09-09"
"european-day-for-border-guards--wVcsIb","European Day for Border Guards ","2010-05-20"
"european-fisheries-control-agency-efca-and-frontex-agree-on-closer-cooperation-6LRXrc","European Fisheries Control Agency (EFCA)  and  Frontex agree on closer cooperation","2016-01-14"
"european-patrols-network--Weca9H","European Patrols Network ","2007-05-24"
"european-patrols-network-and-centralised-record-of-available-technical-equipment-to-be-presented-at-tomorrow-s-jha-council-O1bOgX","European Patrols Network and Centralised Record of Available Technical Equipment to be presented at tomorrow’s JHA Council","2007-04-19"
"europol-and-frontex-sign-new-joint-action-plan-NS6YYK","Europol and Frontex Sign New Joint Action Plan","2019-06-07"
"europol-and-frontex-strengthen-cooperation-to-tackle-cross-border-crime-kamkNJ","Europol and Frontex strengthen cooperation to tackle cross border crime","2018-10-05"
"eurtf-office-in-catania-inaugurated-fcQoSr","EURTF office in Catania inaugurated","2016-04-27"
"executive-director-visits-the-premises-of-the-eu-regional-task-force-in-catania-XbrHLG","Executive Director visits the premises of the EU Regional Task Force in Catania","2015-06-26"
"experts-meet-to-tackle-document-fraud-kYuGEl","Experts meet to tackle document fraud","2017-09-13"
"external-quality-assurance-group-republished-HpJF7n","External Quality Assurance Group - republished","2013-03-04"
"extract-from-the-frontex-annual-risk-analysis-report-ara-2010--nTOFmB","Extract from the Frontex Annual Risk Analysis Report (ARA 2010)","2010-07-07"
"fabrice-leggeri-takes-the-helm-at-frontex-Z30Vu6","Fabrice Leggeri takes the helm at Frontex","2015-01-16"
"false-and-authentic-documents-online-system-fado--o2Ky1q","False and Authentic Documents Online system (FADO)","2020-04-29"
"fewer-migrants-at-eu-borders-in-2016-HWnC1J","Fewer migrants at EU borders in 2016","2017-01-06"
"final-call-for-papers-workshop-on-innovation-in-border-control--psdn5J","Final Call for Papers: “Workshop on Innovation in Border Control”","2013-04-18"
"first-annual-report-of-the-frontex-consultative-forum-on-fundamental-rights-published-WDPSJn","First Annual Report of the Frontex Consultative Forum on Fundamental Rights published","2014-07-28"
"first-european-dog-handlers-show-in-oradea-romania--1OgMq4","First European Dog Handlers Show in Oradea (Romania)","2008-09-04"
"first-global-abc-conference-exhibition-RFskHs","First Global ABC Conference & Exhibition","2012-10-26"
"first-partnership-academy-meeting-in-helsinki-ZFAp9S","First Partnership Academy Meeting in Helsinki","2006-12-06"
"first-quarterly-analysis-of-eastern-borders-published-B2Do4A","First quarterly analysis of Eastern borders published","2015-07-27"
"first-quarterly-analysis-of-western-balkans-published-8iHYNH","First quarterly analysis of Western Balkans published","2015-07-23"
"first-ship-with-multinational-crew-joins-frontex-operation-wz2nlo","First ship with multinational crew joins Frontex operation","2017-04-20"
"flash-report-irregular-migration-into-eu-at-lowest-level-since-2013-n5pHiA","FLASH REPORT – Irregular migration into EU at lowest level since 2013","2020-01-08"
"fourth-european-day-for-border-guards-2013-tzhf5G","Fourth European Day for Border Guards, 2013","2013-05-29"
"fran-quarterly-illegal-border-crossings-drop-by-more-than-half-in-q2-2016-YK8Nfe","FRAN Quarterly: Illegal border-crossings drop by more than half in Q2 2016","2016-11-15"
"fran-quarterly-illegal-crossings-down-in-the-first-quarter-of-2016-Cc5040","FRAN Quarterly: Illegal crossings down in the first quarter of 2016","2016-08-25"
"fran-quarterly-number-of-illegal-border-crossings-at-record-high-in-q4-tRfbnB","FRAN Quarterly – Number of illegal border-crossings at record high in Q4","2016-03-10"
"fran-quarterly-one-in-five-migrants-entering-eu-arrived-on-lesbos-in-q2-mit5YW","FRAN Quarterly – One in five migrants entering EU arrived on Lesbos in Q2","2015-10-07"
"fran-quarterly-q01-2010-jAEwYz","FRAN Quarterly | Q01 2010","2010-07-09"
"fran-quarterly-q01-2011-i7A7XT","FRAN Quarterly | Q01 2011","2011-07-21"
"fran-quarterly-q02-2010-sCWzvg","FRAN Quarterly | Q02 2010","2010-11-18"
"fran-quarterly-q02-2011-CHMqz9","FRAN Quarterly | Q02 2011","2011-10-04"
"fran-quarterly-q03-2010-442hkS","FRAN Quarterly | Q03 2010","2011-01-16"
"fran-quarterly-q03-2011-Krlw22","FRAN Quarterly | Q03 2011","2012-01-18"
"fran-quarterly-three-indicators-at-record-highs-in-q3-GwWnil","FRAN Quarterly – Three indicators at record highs in Q3","2016-01-20"
"france-s-fabrice-leggeri-appointed-new-executive-director-of-frontex-UMc6wP","France’s Fabrice Leggeri Appointed New Executive Director of Frontex","2014-11-26"
"frontex-accepts-greece-s-request-for-rapid-border-intervention-teams-amcPjC","Frontex accepts Greece’s request for Rapid Border Intervention Teams","2015-12-10"
"frontex-and-afripol-hold-risk-analysis-workshop-in-algeria-20H3pq","Frontex and AFRIPOL hold risk analysis workshop in Algeria","2019-09-13"
"frontex-and-cepol-forge-stronger-strategic-links-3jtnZ3","Frontex and CEPOL forge stronger strategic links","2010-06-24"
"frontex-and-eu-lisa-sign-cooperation-plan-for-2015-5zx4yy","Frontex and eu-LISA Sign Cooperation Plan for 2015","2015-03-21"
"frontex-and-eu-lisa-sign-working-arrangement-T68Joj","Frontex and eu-LISA sign Working Arrangement","2014-01-31"
"frontex-and-eurojust-sign-memorandum-of-understanding-K9ngEQ","Frontex and Eurojust sign Memorandum of Understanding","2013-12-18"
"frontex-and-european-asylum-support-office-sign-working-arrangement-lLUZ0a","Frontex and European Asylum Support Office sign Working Arrangement","2012-09-26"
"frontex-and-europol-agree-to-exchange-information-on-cross-border-crime-dEyVpQ","Frontex and Europol agree to exchange information on cross-border crime","2015-12-04"
"frontex-and-fra-agree-to-establish-fundamental-rights-monitors-OBabL6","Frontex and FRA agree to establish fundamental rights monitors","2020-06-10"
"frontex-and-germany-led-operation-against-people-smuggling-and-trafficking-at-airports-O1NQqC","Frontex and Germany led operation against people smuggling and trafficking at airports","2017-09-22"
"frontex-and-greece-agree-on-operational-plan-for-poseidon-rapid-intervention-yiSxga","Frontex and Greece agree on operational plan for Poseidon Rapid Intervention","2015-12-17"
"frontex-and-interpol-hold-first-joint-conference-on-document-fraud-9uuJsy","Frontex and Interpol hold first joint conference on document fraud","2017-12-01"
"frontex-and-italy-hold-first-meeting-of-working-group-on-operation-triton-0qdvsf","Frontex and Italy hold first meeting of working group on operation Triton","2017-07-25"
"frontex-and-moldova-sign-new-cooperation-plan-glADrH","Frontex and Moldova sign new cooperation plan","2018-03-26"
"frontex-and-nato-to-cooperate-in-the-aegean-sea-nZMSYr","Frontex and NATO to cooperate in the Aegean Sea","2016-03-06"
"frontex-and-osce-come-together-to-help-fight-document-fraud-in-the-western-balkans-E4YSwI","Frontex and OSCE come together to help fight document fraud in the Western Balkans","2019-09-12"
"frontex-and-partners-evaluate-ipaii-project-and-plan-way-ahead-vvQcFr","Frontex and partners evaluate IPAII project and plan way ahead","2017-04-10"
"frontex-and-poland-sign-the-headquarters-agreement-Tx15sl","Frontex and Poland sign the headquarters agreement","2017-03-09"
"frontex-and-ukrainian-border-guard-extend-cooperation-agreement-UwFsF2","Frontex and Ukrainian border guard extend cooperation agreement","2019-05-29"
"frontex-announces-search-for-new-executive-director-EcoOvR","Frontex Announces Search for New Executive Director","2014-06-13"
"frontex-appoints-new-deputy-executive-director-management-board-chairman-and-his-deputy-NJdJnR","Frontex appoints new Deputy Executive Director, Management Board Chairman and his Deputy","2015-11-25"
"frontex-asks-for-775-border-guards-eQvFQA","Frontex asks for 775 border guards","2015-10-02"
"frontex-asks-for-additional-269-officers-for-registering-migrants-TEddm5","Frontex asks for additional 269 officers for registering migrants","2015-11-12"
"frontex-assists-greece-in-transporting-202-migrants-to-turkey-ysX0nX","Frontex assists Greece in transporting 202 migrants to Turkey","2016-04-04"
"frontex-assists-greece-in-transporting-migrants-to-turkey-QqtvpJ","Frontex assists Greece in transporting migrants to Turkey","2016-04-08"
"frontex-begins-testing-accelerated-registration-process-in-lesbos-VLktjw","Frontex begins testing accelerated registration process in Lesbos","2015-10-27"
"frontex-begins-testing-unmanned-aircraft-for-border-surveillance-zSQ26A","Frontex begins testing unmanned aircraft for border surveillance","2018-09-27"
"frontex-begins-testing-use-of-aerostat-for-border-surveillance-ur33N8","Frontex begins testing use of aerostat for border surveillance","2019-07-31"
"frontex-boosts-efforts-to-help-combat-cross-border-crime-sdIwK8","Frontex boosts efforts to help combat cross-border crime","2016-02-16"
"frontex-call-for-national-experts-Mz4wJG","Frontex call for national experts","2007-02-08"
"frontex-calls-on-member-states-to-deploy-more-officers-to-greece-TyXgdX","Frontex calls on Member States to deploy more officers to Greece","2016-03-23"
"frontex-celebrates-entry-into-force-of-the-agency-s-headquarters-agreement-6ibIQc","Frontex celebrates entry into force of the Agency’s Headquarters Agreement","2017-11-21"
"frontex-celebrates-europe-day-ygeRDA","Frontex celebrates Europe Day","2017-05-09"
"frontex-code-of-conduct-for-return-operations-published-x1a0c0","Frontex Code of Conduct for Return Operations published","2013-12-09"
"frontex-commemorates-world-refugee-day-0BOoSE","Frontex commemorates World Refugee Day","2019-06-20"
"frontex-completed-first-set-of-vulnerability-assessments-xLBfrG","Frontex completed first set of vulnerability assessments","2017-10-16"
"frontex-concludes-four-year-eastern-partnership-project-YRfU0z","Frontex concludes four-year Eastern Partnership project","2018-11-20"
"frontex-condemns-any-form-of-inhumane-treatment-and-violence-KDNxb6","Frontex condemns any form of inhumane treatment and violence","2019-08-07"
"frontex-conference-and-exhibition-on-biometrics-on-the-move-2017-yb1bzy","Frontex Conference and Exhibition on Biometrics on the move 2017","2017-05-30"
"frontex-conference-to-boost-cooperation-at-europe-s-air-borders-gf9f4j","Frontex conference to boost cooperation at Europe’s air borders","2018-03-30"
"frontex-consultative-forum-adopts-its-work-programme-for-2016-TlftW7","Frontex Consultative Forum adopts its Work Programme for 2016","2015-12-02"
"frontex-consultative-forum-and-fundamental-rights-officer-4dKVBG","Frontex Consultative Forum and Fundamental Rights Officer","2012-04-27"
"frontex-consultative-forum-on-fundamental-rights-public-call-for-applications-for-civil-society-organisations-RijS5Y","Frontex Consultative Forum on Fundamental Rights: Public Call for Applications for Civil Society Organisations","2015-06-29"
"frontex-consultative-forum-on-fundamental-rights-public-call-for-applications-for-civil-society-organisations-Vwv6DH","Frontex Consultative Forum on Fundamental Rights: Public Call for Applications for Civil Society Organisations","2012-05-29"
"frontex-consultative-forum-on-fundamental-rights-public-call-for-applications-for-civil-society-organisations-w9ajw3","Frontex Consultative Forum on Fundamental Rights: Public Call for Applications for Civil Society Organisations","2017-07-31"
"frontex-consultative-forum-publishes-annual-report-F7lVzY","Frontex Consultative Forum publishes Annual Report","2018-05-10"
"frontex-consultative-forum-publishes-annual-report-MgLqPI","Frontex Consultative Forum publishes annual report","2019-03-01"
"frontex-creates-a-new-pool-of-return-experts-yWWYG1","Frontex creates a new pool of return experts","2017-01-10"
"frontex-deeply-engaged-in-assisting-greece-handle-incoming-migrants-dpkw5d","Frontex deeply engaged in assisting Greece handle incoming migrants","2015-12-04"
"frontex-deployed-assets-involved-in-the-interception-of-a-drug-boat-in-the-alboran-sea-1ax4We","Frontex deployed assets involved in the interception of a drug boat in the Alboran Sea","2014-09-30"
"frontex-deployed-vessel-brings-785-migrants-to-palermo-Ft0q3F","Frontex-deployed vessel brings 785 migrants to Palermo","2015-07-28"
"frontex-deploys-rapid-border-intervention-teams-to-greece-PWDQKZ","Frontex deploys Rapid Border Intervention Teams to Greece","2010-10-25"
"frontex-deploys-two-new-liaison-officers-to-eu-member-states-N2OdPs","Frontex deploys two new liaison officers to EU Member States","2019-06-03"
"frontex-detects-mother-boat-smuggling-people-dIBt9Q","Frontex detects mother boat smuggling people","2019-06-24"
"frontex-director-addresses-europol-management-board-GlGjco","Frontex  Director addresses Europol Management Board","2016-05-16"
"frontex-director-leggeri-visits-spain-to-discuss-operational-coordination-FKklpT","Frontex Director Leggeri visits Spain to discuss operational coordination","2017-06-26"
"frontex-director-meets-with-portugal-s-minister-of-internal-administration-Hk7NVh","Frontex Director meets with Portugal’s Minister of Internal Administration","2019-03-04"
"frontex-efca-and-emsa-present-results-of-pilot-project-creation-of-a-european-coastguard-function--xvNGeM","Frontex, EFCA and EMSA present results of pilot project ""Creation of a European coastguard function""","2017-06-02"
"frontex-emsa-and-efca-extend-cooperation-eIXD0P","Frontex, EMSA and EFCA extend cooperation","2016-05-25"
"frontex-emsa-and-efca-open-second-annual-european-coast-guard-event-pcWsVx","Frontex, EMSA and EFCA open second annual European Coast Guard Event","2019-04-17"
"frontex-emsa-and-efca-strengthen-cooperation-on-coast-guard-functions-jmhNco","Frontex, EMSA and EFCA strengthen cooperation on coast guard functions","2017-03-23"
"frontex-estimates-illegal-border-crossings-on-the-greek-turkish-border-have-diminished-by-44-by-the-end-of-november-zM59Oo","Frontex estimates illegal border crossings on the Greek Turkish border have diminished by 44% by the end of November","2010-11-30"
"frontex-eurosur-services-help-rescue-370-people-off-libyan-coast-MxXy7S","Frontex Eurosur Services help rescue 370 people off Libyan coast","2015-10-09"
"frontex-evaluation-report-on-rabits-publicly-available-MwGa0e","Frontex Evaluation Report on RABITs publicly available","2011-10-27"
"frontex-executive-director-acknowledges-frontex-consultative-forum-report-HyMHML","Frontex Executive Director acknowledges Frontex Consultative Forum report","2019-03-01"
"frontex-executive-director-acknowledges-frontex-consultative-forum-report-KZg6Dl","Frontex Executive Director acknowledges Frontex Consultative Forum report","2017-05-12"
"frontex-executive-director-acknowledges-frontex-consultative-forum-report-yXx5jQ","Frontex Executive Director acknowledges Frontex Consultative Forum report","2018-05-10"
"frontex-executive-director-invited-to-france-RZGOGF","Frontex Executive Director Invited to France","2007-03-19"
"frontex-executive-director-on-official-visit-to-niger-6LTRB6","Frontex Executive Director on official visit to Niger","2017-03-01"
"frontex-executive-director-saddened-by-tragic-deaths-of-migrants-off-libyan-coast-OqEAuf","Frontex Executive Director Saddened by Tragic Deaths of Migrants off Libyan Coast","2015-02-11"
"frontex-executive-director-signs-decision-to-deploy-rabits-FyNU0c","Frontex Executive Director signs decision to deploy RABITs","2010-10-26"
"frontex-executive-director-to-meet-nato-secretary-general-and-eu-commissioner-avramopoulos-XBP2KN","Frontex Executive Director to meet NATO Secretary General and EU Commissioner Avramopoulos","2016-02-12"
"frontex-executive-director-visiting-polish-russian-border-5O7b90","Frontex Executive Director visiting Polish – Russian border","2015-08-21"
"frontex-executive-director-visits-senegal-GRREJ8","Frontex Executive Director visits Senegal","2018-03-15"
"frontex-expands-its-joint-operation-triton-udpbHP","Frontex expands its Joint Operation Triton","2015-05-26"
"frontex-expresses-concern-over-incident-involving-guest-officers-in-mitilini-CpYjTR","Frontex expresses concern over incident involving guest officers in Mitilini","2010-03-17"
"frontex-expresses-condolences-after-attacks-in-brussels-J0Oo1a","Frontex expresses condolences after attacks in Brussels","2016-03-22"
"frontex-expresses-deepest-condolences-after-nice-attacks-L80N2b","Frontex expresses deepest condolences after Nice attacks","2016-07-15"
"frontex-expresses-deepest-condolences-after-paris-attacks-pz7zQb","Frontex expresses deepest condolences after Paris attacks","2015-11-16"
"frontex-facts-and-myths-BYxkX5","Frontex - Facts and Myths","2007-06-11"
"frontex-guest-officers-sent-to-work-in-italy-URXwE0","Frontex Guest Officers Sent to Work in Italy","2011-02-25"
"frontex-head-calls-for-more-powers-to-detect-and-prevent-human-trafficking--wjNxGI","Frontex Head Calls for More Powers to Detect and Prevent Human Trafficking ","2010-10-18"
"frontex-helps-italy-track-down-people-smugglers-3wtAmW","Frontex helps Italy track down people smugglers","2017-07-20"
"frontex-helps-rescue-dozens-in-the-aegean-nM85Vj","Frontex helps rescue dozens in the Aegean","2015-09-14"
"frontex-helps-save-3-400-migrants-off-libyan-coast-last-week-QEmmR0","Frontex helps save 3 400 migrants off Libyan coast last week","2015-08-25"
"frontex-helps-seize-40-tonnes-of-hashish-in-operation-in-spain-7RpdCA","Frontex helps seize 40 tonnes of hashish in operation in Spain","2016-09-21"
"frontex-helps-train-libyan-coast-guard-zxRCnE","Frontex helps train Libyan Coast Guard","2016-12-13"
"frontex-holds-23rd-international-border-police-conference-SaIsg2","Frontex holds 23rd International Border Police Conference","2017-11-08"
"frontex-holds-annual-training-conference-to-discuss-educational-technology-xKZ8dz","Frontex holds annual training conference to discuss educational technology","2017-10-05"
"frontex-holds-conference-of-heads-of-international-airports-4GzraU","Frontex holds conference of heads of international airports","2017-03-07"
"frontex-holds-workshop-on-traveller-risk-assessment-at-amsterdam-s-schiphol-airport-b2tL09","Frontex holds workshop on traveller risk assessment at Amsterdam’s Schiphol Airport","2019-06-18"
"frontex-honours-the-memory-of-its-first-executive-director-ilkka-laitinen-6XjAPt","Frontex honours the memory of its first Executive Director Ilkka Laitinen","2019-09-30"
"frontex-hosts-1st-european-coast-guard-cooperation-network-meeting-U8iGMu","Frontex hosts 1st European Coast Guard Cooperation Network Meeting","2016-11-08"
"frontex-hosts-7th-annual-european-day-for-border-guards-RD6Lmf","Frontex hosts 7th annual European Day for Border Guards","2016-05-25"
"frontex-hosts-8th-european-day-for-border-guards-lhjRAI","Frontex hosts 8th European Day for Border Guards","2017-06-13"
"frontex-hosts-ambassadors-in-warsaw-kBvUZo","Frontex hosts ambassadors in Warsaw","2016-09-30"
"frontex-hosts-conference-on-biometrics-in-warsaw-889K4E","Frontex hosts conference on biometrics in Warsaw","2019-10-09"
"frontex-hosts-customs-cooperation-working-party-pssWMX","Frontex hosts Customs Cooperation Working Party","2016-06-29"
"frontex-hosts-european-border-and-coast-guard-day-eJnxSD","Frontex hosts European Border and Coast Guard Day","2019-05-29"
"frontex-hosts-european-border-and-coast-guard-day-to-discuss-security-at-sea-vb539m","Frontex hosts European Border and Coast Guard Day to discuss security at sea","2018-05-25"
"frontex-hosts-expert-group-on-document-fraud-RdATdJ","Frontex hosts expert group on document fraud","2017-11-14"
"frontex-hosts-gathering-of-top-airport-officials-responsible-for-border-control-YblfPr","Frontex hosts gathering of top airport officials responsible for border control","2019-06-05"
"frontex-hosts-inter-agency-conference-on-combating-trafficking-in-human-beings-HjaZFN","Frontex hosts Inter-Agency Conference on Combating Trafficking in Human Beings","2008-11-28"
"frontex-hosts-iom-visit-CHx2KO","Frontex hosts IOM visit","2008-12-02"
"frontex-hosts-meeting-of-africa-frontex-intelligence-community-afic--PnHfGe","Frontex hosts meeting of Africa-Frontex Intelligence Community (AFIC)","2016-09-22"
"frontex-hosts-workshop-on-return-operations-as-part-of-ipaii-project-0a30sZ","Frontex hosts workshop on return operations as part of IPAII project","2017-06-01"
"frontex-icmpd-europol-conference-on-mixed-migration-flows-MS446D","Frontex-ICMPD-Europol Conference on Mixed Migration Flows","2008-02-01"
"frontex-introduces-new-set-up-for-partnership-academies-network-kDNL2W","Frontex introduces new set-up for Partnership Academies Network","2017-03-08"
"frontex-issues-call-for-trainers-for-standing-corps-basic-training-programme-T3Su4u","Frontex issues call for trainers for standing corps basic training programme","2020-02-07"
"frontex-joined-an-advertising-campaign-of-28-eu-agencies-kRjzOj","Frontex joined an advertising campaign of 28 EU Agencies","2006-12-01"
"frontex-launches-a-course-on-automated-border-control-inAIUK","Frontex launches a course on automated border control","2017-03-14"
"frontex-launches-a-series-of-webcasts-on-border-management-4uLqeJ","Frontex launches a series of webcasts on border management","2018-06-12"
"frontex-launches-call-for-participation-of-the-eu-member-states-in-joint-operation-triton-b9nupQ","Frontex launches call for participation of the EU Member States in Joint Operation Triton","2014-09-26"
"frontex-launches-capacity-building-project-for-africa-during-afic-meeting-g3JfQJ","Frontex launches capacity building project for Africa during AFIC meeting","2017-09-29"
"frontex-launches-first-operation-in-western-balkans-znTNWM","Frontex launches first operation in Western Balkans","2019-05-21"
"frontex-launches-joint-operation-triton-JSYpL7","Frontex launches Joint Operation Triton","2014-10-31"
"frontex-launches-new-master-s-programme-vqtoEN","Frontex launches new Master's Programme","2015-09-07"
"frontex-launches-rapid-border-intervention-on-greek-land-border-J7k21h","Frontex launches rapid border intervention on Greek land border","2020-03-13"
"frontex-launches-rapid-operational-assistance-in-greece-u3rqPy","Frontex launches rapid operational assistance in Greece","2015-12-29"
"frontex-launches-talks-on-possible-use-of-remote-piloted-aircraft-systems-0m4b2c","Frontex launches talks on possible use of remote piloted aircraft systems","2016-04-15"
"frontex-launching-new-operation-in-central-med-yKqSc7","Frontex launching new operation in Central Med","2018-02-01"
"frontex-leads-international-operation-against-organised-crime-at-eu-s-land-borders-bGpyTh","Frontex leads international operation against organised crime at EU’s land borders","2017-07-20"
"frontex-looks-at-new-border-surveillance-technologies-ZjjLwv","Frontex looks at new border surveillance technologies","2017-05-12"
"frontex-management-board-meets-with-partners-from-the-western-balkans-1wf8k8","Frontex Management Board meets with partners from the Western Balkans","2019-06-12"
"frontex-marks-two-years-as-the-european-border-and-coast-guard-agency-ECWley","Frontex marks two years as the European Border and Coast Guard Agency","2018-10-06"
"frontex-mid-level-course-for-border-guard-officers-started-in-lubeck-germany-MI42Xc","Frontex Mid Level Course for border guard officers started in Lübeck, Germany","2007-03-13"
"frontex-new-premises-just-opened-WgUAyv","Frontex New Premises Just Opened","2007-03-27"
"frontex-not-involved-in-today-s-plane-crash-in-malta-Zqu6jZ","Frontex not involved in today's plane crash in Malta","2016-10-24"
"frontex-offers-additional-help-to-greece-qeFedV","Frontex offers additional help to Greece","2015-09-08"
"frontex-offers-funding-for-development-and-delivery-of-training-activities-USCCo3","Frontex offers funding for development and delivery of training activities","2019-04-17"
"frontex-offers-funding-for-development-and-delivery-of-training-courses-Gvs7kI","Frontex offers funding for development and delivery of training courses","2017-06-13"
"frontex-offers-funding-for-development-of-ibm-products-and-tools-rqFCr3","Frontex offers funding for development of IBM products and tools","2018-05-18"
"frontex-offers-funding-to-institutions-providing-education-and-training-to-border-guards-dcZWBE","Frontex offers funding to institutions providing education and training to border guards","2016-08-02"
"frontex-opens-first-risk-analysis-cell-in-niger-HQIoKi","Frontex opens first risk analysis cell in Niger","2018-11-27"
"frontex-opens-risk-analysis-cell-in-senegal-6nkN3B","Frontex opens Risk Analysis Cell in Senegal","2019-06-13"
"frontex-operational-office-opens-in-piraeus-hk4q3Z","Frontex Operational Office Opens in Piraeus","2010-10-01"
"frontex-organises-debate-on-human-rights-in-training-of-border-guards-uKuFgR","Frontex organises debate on human rights in training of border guards","2008-11-27"
"frontex-organises-the-first-course-for-schengen-evaluators--KcQOxQ","Frontex organises the first course for Schengen evaluators ","2009-05-11"
"frontex-organises-third-operational-heads-of-airports-conference-CJcScB","Frontex Organises Third Operational Heads of Airports Conference","2011-03-03"
"frontex-organises-workshop-for-monitors-of-joint-return-operations-2s0swb","Frontex organises workshop for monitors of joint return operations","2016-06-29"
"frontex-photo-competition-results-ig5D8N","Frontex Photo Competition Results","2013-05-08"
"frontex-plays-key-role-in-operation-against-crime-in-western-balkans-sIgRPx","Frontex plays key role in operation against crime in Western Balkans","2019-09-10"
"frontex-presents-guide-on-access-to-the-asylum-procedure-on-world-refugee-day-bePNdo","Frontex presents guide on access to the asylum procedure on World Refugee Day","2016-06-20"
"frontex-publishes-africa-frontex-intelligence-community-afic-report-5K2fXQ","Frontex publishes Africa-Frontex Intelligence Community (AFIC) Report","2016-01-28"
"frontex-publishes-africa-frontex-intelligence-community-afic-report-aT7A9Z","Frontex publishes Africa-Frontex Intelligence Community (AFIC) Report","2017-04-06"
"frontex-publishes-analyses-for-the-western-balkans-in-2017-and-first-quarter-of-2018-wSsUjH","Frontex publishes analyses for the Western Balkans in 2017 and first quarter of 2018","2018-08-07"
"frontex-publishes-analysis-for-eastern-partnership-for-q1-iLejtn","Frontex publishes analysis for Eastern Partnership for Q1","2016-07-04"
"frontex-publishes-analysis-for-western-balkans-for-q1-fyC8yc","Frontex publishes analysis for Western Balkans for Q1","2016-07-01"
"frontex-publishes-analysis-of-borders-in-the-western-balkans-for-q3-RgTWDN","Frontex publishes analysis of borders in the Western Balkans for Q3","2016-01-19"
"frontex-publishes-analysis-of-eastern-borders-for-q2-G9vfSE","Frontex publishes analysis of Eastern borders for Q2","2015-10-08"
"frontex-publishes-analysis-of-eu-s-eastern-borders-for-q3-MquFau","Frontex publishes analysis of EU’s eastern borders for Q3","2016-01-15"
"frontex-publishes-annual-risk-analysis-2014-wc71Jn","Frontex Publishes Annual Risk Analysis 2014","2014-05-15"
"frontex-publishes-annual-risk-analysis-2015-lA1x1g","Frontex publishes Annual Risk Analysis 2015","2015-04-28"
"frontex-publishes-eastern-european-borders-annual-risk-analysis-2014-8pfjcb","Frontex publishes Eastern European Borders Annual Risk Analysis 2014","2014-07-10"
"frontex-publishes-report-on-second-global-abc-conference-pGtMYo","Frontex Publishes Report on Second Global ABC Conference","2014-01-21"
"frontex-publishes-risk-analysis-for-2016-NQuBFv","Frontex publishes Risk Analysis for 2016","2016-04-05"
"frontex-publishes-risk-analysis-for-2017-CpJiC8","Frontex publishes Risk Analysis for 2017","2017-02-15"
"frontex-publishes-risk-analysis-for-2018-9UxpCV","Frontex publishes Risk Analysis for 2018","2018-02-20"
"frontex-publishes-risk-analysis-for-2019-Dh6Wkf","Frontex publishes Risk Analysis for 2019","2019-02-20"
"frontex-publishes-study-on-ethics-in-border-security-iXGzI6","Frontex publishes Study on Ethics in Border Security","2011-04-29"
"frontex-publishes-vega-handbook-children-at-airports-bvtPly","Frontex publishes VEGA Handbook: Children at airports","2015-08-28"
"frontex-publishes-western-balkans-annual-risk-analysis-2014-fnd3Eh","Frontex publishes Western Balkans Annual Risk Analysis 2014","2014-07-21"
"frontex-publishes-western-balkans-annual-risk-analysis-2015-dCUqfL","Frontex publishes Western Balkans Annual Risk Analysis 2015","2015-05-12"
"frontex-publishes-western-balkans-risk-analysis-2016-0LoCA0","Frontex publishes Western Balkans Risk Analysis 2016","2016-06-10"
"frontex-rabit-deployment-to-greece-extended-until-march-2011-4dbY6K","Frontex RABIT Deployment to Greece Extended Until March 2011","2010-12-07"
"frontex-reaches-milestone-in-return-operations-CHBRdU","Frontex reaches milestone in return operations","2018-07-09"
"frontex-ready-to-implement-european-council-conclusions-executive-director-fh9MEr","Frontex ready to implement European Council conclusions - Executive Director","2015-04-23"
"frontex-releases-report-on-unaccompanied-minors-in-european-migration-KuQSlC","Frontex Releases Report on Unaccompanied Minors in European Migration","2010-12-13"
"frontex-requests-more-information-on-symi-incident-YmXP7D","Frontex requests more information on Symi incident","2015-08-31"
"frontex-rescues-more-than-1400-migrants-over-easter-weekend-l88LOD","Frontex rescues more than 1400 migrants over Easter weekend","2017-04-17"
"frontex-responds-to-the-european-ombudsman-8oCMDO","Frontex responds to the European Ombudsman","2012-05-23"
"frontex-risk-analysis-report-for-q1-2014-published-LyEPZo","Frontex Risk Analysis Report for Q1 2014 published","2014-08-14"
"frontex-rolls-out-its-own-patrol-cars-in-operations-Fiwwui","Frontex rolls out its own patrol cars in operations","2019-05-24"
"frontex-s-cooperation-with-icmpd-enters-into-force-Ldai15","Frontex’s cooperation with ICMPD enters into force","2009-06-29"
"frontex-s-participation-in-mos-maiorum-BOeKrL","Frontex’s participation in Mos Maiorum","2014-10-10"
"frontex-s-patronage-over-the-conference-freedom-and-security-europe-without-borders--n71ew3","Frontex’s patronage over the Conference „Freedom and Security: Europe Without Borders”","2007-04-03"
"frontex-s-reaction-to-hrw-report-uw7Qqq","Frontex's Reaction to HRW report","2011-09-21"
"frontex-seeking-external-experts-dXq0xI","Frontex seeking external experts","2016-01-26"
"frontex-seeks-1-500-police-officers-50-readmission-officers-for-greece-ayU667","Frontex seeks 1 500 police officers, 50 readmission officers for Greece","2016-03-21"
"frontex-selects-9-civil-society-organisations-for-consultative-forum-on-fundamental-rights-Zggq5W","Frontex selects 9 civil society organisations for Consultative Forum on Fundamental Rights","2015-09-10"
"frontex-selects-the-first-group-of-future-members-of-its-standing-corps-wN1BM4","Frontex selects the first group of future members of its standing corps","2020-05-20"
"frontex-sends-first-liaison-officer-to-eu-member-state-E21l7y","Frontex sends first liaison officer to EU Member State","2018-08-31"
"frontex-signs-a-memorandum-of-understanding-with-turkey-UBa8Ya","Frontex signs a Memorandum of Understanding with Turkey","2012-05-28"
"frontex-signs-framework-training-agreements-with-five-new-member-states-hzJydg","Frontex Signs Framework Training Agreements with Five New Member States","2011-03-03"
"frontex-signs-seat-agreement-with-greece-9DrT7S","Frontex signs seat agreement with Greece","2010-08-02"
"frontex-signs-working-arrangement-with-armenia-5wWRZk","Frontex signs Working Arrangement with Armenia","2012-02-23"
"frontex-signs-working-arrangement-with-canada-Ko5rN4","Frontex signs working arrangement with Canada","2010-10-21"
"frontex-signs-working-arrangement-with-cape-verde-CaYZGx","Frontex signs Working Arrangement with Cape Verde","2011-01-17"
"frontex-signs-working-arrangement-with-cepol-oQuPz4","Frontex signs Working Arrangement with CEPOL","2009-07-02"
"frontex-signs-working-arrangement-with-interpol-JUWRpk","Frontex signs Working Arrangement with Interpol","2009-05-29"
"frontex-signs-working-arrangement-with-kosovo-u1FpiJ","Frontex signs working arrangement with Kosovo","2016-05-25"
"frontex-signs-working-arrangement-with-montenegro-aicfht","Frontex signs Working Arrangement with Montenegro","2009-06-18"
"frontex-signs-working-arrangement-with-nigeria-JyDdE8","Frontex signs Working Arrangement with Nigeria","2012-01-19"
"frontex-signs-working-arrangement-with-state-border-service-of-azerbaijan-NuexEl","Frontex Signs Working Arrangement with State Border Service of Azerbaijan","2013-04-16"
"frontex-signs-working-arrangement-with-unodc-gmFWjI","Frontex signs working arrangement with UNODC","2012-04-23"
"frontex-starts-talks-on-a-working-arrangement-with-authorities-in-kosovo--i2fggD","Frontex starts talks on a working arrangement with authorities in Kosovo*","2016-01-21"
"frontex-strengthens-surveillance-in-croatia-k3u6uv","Frontex strengthens surveillance in Croatia","2018-07-25"
"frontex-supports-seizure-of-cocaine-by-portuguese-authorities-1E3lgQ","Frontex supports seizure of cocaine by Portuguese authorities","2019-02-01"
"frontex-supports-the-fight-against-trafficking-in-human-beings-VwidGT","Frontex supports the fight against trafficking in human beings","2018-07-30"
"frontex-takes-first-step-towards-creating-european-coast-guard-mBv0fw","Frontex takes first step towards creating European coast guard","2016-11-30"
"frontex-teams-up-with-eunavfor-med-and-europol-to-track-down-cross-border-crime-v8oqKs","Frontex teams up with EUNAVFOR Med and Europol to track down cross-border crime","2018-07-05"
"frontex-teams-up-with-interpol-to-track-down-foreign-terrorist-fighters-9SedgZ","Frontex teams up with INTERPOL to track down foreign terrorist fighters","2019-09-20"
"frontex-temporarily-suspends-registration-activities-on-chios-due-to-concerns-over-asbestos-contamination-gqMedB","Frontex temporarily suspends registration activities on Chios due to concerns over asbestos contamination","2015-12-18"
"frontex-testing-the-future-of-border-checks-at-lisbon-airport-DI84r4","Frontex testing the future of border checks at Lisbon airport","2019-10-04"
"frontex-the-european-border-and-coast-guard-agency-after-one-year-BJMHvS","Frontex, the European Border and Coast Guard Agency, after one year","2017-10-06"
"frontex-to-assist-greece-with-registration-of-migrants-at-its-land-border-9Qg48q","Frontex to assist Greece with registration of migrants at its land border","2015-12-03"
"frontex-to-assist-poland-with-border-checks-during-world-cup-XfOQx7","Frontex to assist Poland with border checks during World Cup","2018-06-12"
"frontex-to-begin-collecting-personal-data-in-greece-on-suspected-criminals-gJzx8D","Frontex to begin collecting personal data in Greece on suspected criminals","2016-11-22"
"frontex-to-boost-recruitment-in-2017-4wA98f","Frontex to boost recruitment in 2017","2017-02-22"
"frontex-to-deploy-175-specialist-border-personnel-to-greece-9neidF","Frontex to Deploy 175 Specialist Border Personnel to Greece","2010-10-29"
"frontex-to-deploy-liaison-officer-in-western-balkans-r8CFKb","Frontex to deploy liaison officer in Western Balkans","2016-11-28"
"frontex-to-implement-border-surveillance-services-as-part-of-copernicus-Z1r4A0","Frontex to implement border surveillance services as part of Copernicus","2015-12-17"
"frontex-to-launch-an-operation-during-eurocup-2012-ORgk0G","Frontex to launch an operation during Eurocup 2012","2012-05-18"
"frontex-to-launch-rapid-border-intervention-at-greece-s-external-borders-NL8HaC","Frontex to launch rapid border intervention at Greece’s external borders","2020-03-02"
"frontex-to-play-central-role-in-new-eu-travel-authorisation-system-ErA8DD","Frontex to play central role in new EU travel authorisation system","2018-10-09"
"frontex-to-provide-border-security-expertise-to-european-commission-s-research-projects-ZrCBoM","Frontex to provide border security expertise to European Commission’s research projects","2020-02-06"
"frontex-to-reinforce-its-activities-in-bulgaria-PkLluH","Frontex to reinforce its activities in Bulgaria","2016-08-05"
"frontex-to-restructure-its-office-in-greece-ShsH5z","Frontex to restructure its office in Greece","2015-11-26"
"frontex-to-stream-master-s-on-the-road-webcast-6SFExy","Frontex to stream Master’s on the Road webcast","2018-10-15"
"frontex-to-strengthen-operations-in-greece-and-launch-additional-activities-on-land-borders-a21yH2","Frontex to strengthen operations in Greece and launch additional activities on land borders","2015-10-26"
"frontex-trained-250-experts-from-western-balkans-and-turkey-Pmzvkk","Frontex trained 250 experts from Western Balkans and Turkey","2019-05-17"
"frontex-trains-border-guards-as-part-of-mid-level-management-course-m5QVIH","Frontex trains border guards as part of Mid-level Management Course","2017-03-03"
"frontex-trains-screening-officers-in-riga-QSurjP","Frontex trains screening officers in Riga","2016-08-26"
"frontex-unhcr-reinforced-cooperation-a0Yf4h","Frontex - UNHCR: reinforced cooperation","2008-06-18"
"frontex-updates-key-training-document-for-eu-border-and-coast-guard-officers-InEY1T","Frontex updates key training document for EU border and coast guard officers","2017-06-20"
"frontex-vessel-plays-key-role-in-rescue-of-hundreds-of-people-off-lesbos-q1cQJ3","Frontex vessel plays key role in rescue of hundreds of people off Lesbos","2015-10-29"
"frontex-vessel-rescues-487-migrants-in-italy-over-the-weekend-haWei2","Frontex vessel rescues 487 migrants in Italy over the weekend","2015-09-28"
"frontex-welcomes-european-parliament-vote-on-european-border-and-coast-guard-tQmLpF","Frontex welcomes European Parliament vote on European Border and Coast Guard","2016-07-06"
"frontex-welcomes-first-standing-corps-recruits-h2LxJD","Frontex welcomes first standing corps recruits","2020-06-17"
"frontex-welcomes-new-class-of-joint-master-s-programme-d2ICWm","Frontex welcomes new class of Joint Master’s programme","2019-09-06"
"frontex-welcomes-new-participants-of-its-joint-master-s-programme-nr9FF8","Frontex welcomes new participants of its Joint Master’s programme","2017-09-13"
"frontex-welcomes-pledges-to-boost-operations-triton-and-poseidon-U6vDFW","Frontex welcomes pledges to boost operations Triton and Poseidon","2015-04-23"
"german-helicopter-deployed-by-frontex-helped-in-arrest-of-suspected-drug-smugglers-JdRmFb","German helicopter deployed by Frontex helped in arrest of suspected drug smugglers","2016-07-01"
"global-abc-conference-and-exhibition-IsBF4h","Global ABC Conference and Exhibition","2012-07-13"
"global-conference-on-the-future-of-border-checks-2015-ntt976","Global Conference on the Future of Border Checks 2015","2015-06-16"
"global-conference-on-the-future-of-border-checks-HTcUwn","Global Conference on the Future of Border Checks","2015-04-08"
"go-ahead-for-nautilus-2008-M1QUcT","Go ahead for Nautilus 2008","2008-05-07"
"graduation-of-the-first-class-of-frontex-joint-master-s-programme-dFq1ns","Graduation of the first class of Frontex Joint Master’s programme","2017-06-07"
"greece-and-italy-continued-to-face-unprecedented-number-of-migrants-in-december-0BbBRd","Greece and Italy continued to face unprecedented number of migrants in December","2016-01-22"
"greece-asks-frontex-for-rapid-intervention-teams-in-the-aegean-islands-0swm9L","Greece asks Frontex for rapid intervention teams in the Aegean islands","2015-12-04"
"greece-s-deputy-prosecutor-of-the-supreme-court-visited-frontex-tD1qRw","Greece’s Deputy Prosecutor of the Supreme Court visited Frontex","2015-12-07"
"greece-will-host-first-frontex-operational-office-WBNAQp","Greece will host first Frontex Operational Office","2010-02-05"
"greek-turkish-land-border-jo-poseidon-land-situational-update-january-2012-tXUqGg","Greek-Turkish land border JO Poseidon Land: Situational update, January 2012","2012-02-02"
"greeks-seize-illegal-guns-on-ship-monitored-by-frontex-KcJsMr","Greeks seize illegal guns on ship monitored by Frontex","2015-09-03"
"heads-of-coast-guard-services-in-warsaw-Rgk6an","Heads of Coast Guard Services in Warsaw","2009-04-23"
"heads-of-emsa-and-frontex-discuss-cooperation-on-european-coast-guard-functions-PrSF2W","Heads of EMSA and Frontex discuss cooperation on European coast guard functions","2019-04-03"
"hera-2008-and-nautilus-2008-statistics-oP7kLN","HERA 2008 and NAUTILUS 2008 Statistics","2009-02-17"
"hera-iii-operation-It9SH3","Hera III operation","2007-04-13"
"hermes-2011-running-T7bJgL","Hermes 2011 running","2011-02-22"
"hermes-2011-starts-tomorrow-in-lampedusa-X4XZcr","Hermes 2011 Starts Tomorrow in Lampedusa","2011-02-19"
"hermes-operation-extended-OWmwti","Hermes Operation Extended","2011-03-24"
"icgv-tyr-conducts-search-and-rescue-of-450-migrants-GYoKNV","ICGV Týr conducts search and rescue of 450 migrants","2015-01-02"
"illegal-migration-of-moldovan-nationals-targeted-8iIZAj","Illegal migration of Moldovan nationals targeted","2007-06-05"
"international-border-and-coast-guard-community-gathers-in-warsaw-oIfoTR","International border and coast guard community gathers in Warsaw","2019-10-31"
"international-law-of-the-sea-seminar-organised-by-frontex-zIOkXy","International Law of the Sea - Seminar organised by Frontex","2009-12-10"
"irregular-arrivals-were-at-record-high-in-the-third-quarter-of-2013-qZCQJR","Irregular Arrivals Were at Record High in the Third Quarter of 2013","2014-01-31"
"irregular-immigration-hits-new-low-in-first-quarter-2010-facilitator-detections-up-13--ESunbS","Irregular immigration hits new low in first quarter 2010, facilitator detections up 13%","2010-07-07"
"italy-remained-under-migratory-pressure-in-august-k27zkw","Italy remained under migratory pressure in August","2016-09-15"
"italy-remained-under-migratory-pressure-in-november-WeeHRo","Italy remained under migratory pressure in November","2016-12-09"
"italy-sees-high-level-of-migratory-pressure-in-june-YBsNJn","Italy sees high level of migratory pressure in June","2016-07-19"
"jo-hermes-situational-update-SKGo7W","JO Hermes – Situational Update","2012-02-21"
"joint-easo-frontex-management-board-session-held-in-malta-V9jX1q","Joint EASO-Frontex Management Board session held in Malta","2017-02-08"
"joint-operation-agelaus-children-in-irregular-migration-HgSDR5","Joint Operation Agelaus: Children in Irregular Migration","2011-01-19"
"joint-operation-nautilus-2007-the-end-of-the-first-phase-AECBNJ","Joint Operation Nautilus 2007 – the end of the first  phase","2007-08-06"
"joint-operation-triton-extended-to-the-end-of-2015-NXCwpk","Joint Operation Triton extended to the end of 2015","2015-02-21"
"latest-trends-at-external-borders-of-the-eu-6Z3kpC","Latest Trends at external borders of the EU","2015-02-02"
"law-enforcement-and-sar-training-completed-in-ostia-JAK7yu","Law enforcement and SAR training completed in Ostia","2019-02-08"
"lessons-to-be-learned-after-the-limes-demos-C6itip","Lessons to be learned after the LIMES demos","2009-03-27"
"longest-frontex-coordinated-operation-hera-the-canary-islands-WpQlsc","Longest FRONTEX coordinated operation – HERA, the Canary Islands","2006-12-19"
"management-board-designates-fundamental-rights-officer-8IK8lm","Management Board designates Fundamental Rights Officer","2012-09-27"
"management-board-endorses-frontex-fundamental-rights-strategy-KxtacI","Management Board Endorses Frontex Fundamental Rights Strategy","2011-04-04"
"marine-pollution-thousands-of-serious-offences-exposed-in-global-operation-IrlEv6","Marine pollution: thousands of serious offences exposed in global operation","2019-12-16"
"mediterranean-transit-migration-Ok7q6j","Mediterranean Transit Migration","2007-01-22"
"member-of-siem-pilot-crew-missing-since-monday-Njmd37","Member of Siem Pilot crew missing since Monday","2015-09-15"
"member-states-continue-to-support-frontex-operations-in-greece-7Egmfg","Member States continue to support Frontex operations in Greece","2020-04-03"
"member-states-provide-291-border-guards-to-frontex-to-be-deployed-in-greece-italy-2tVnYY","Member States provide 291 border guards to Frontex to be deployed in Greece, Italy","2015-10-20"
"mercury-joint-operation-concluded--tKZRWB","Mercury Joint Operation Concluded ","2009-02-11"
"mid-level-courses-2007-60-border-guards-trained-ynRNbM","Mid-Level Courses 2007: 60 border guards trained","2007-11-16"
"migrants-forced-to-board-inflatable-rafts-at-gunpoint-bvmRKT","Migrants forced to board inflatable rafts at gunpoint","2015-02-12"
"migratory-flows-in-2017-pressure-eased-on-italy-and-greece-spain-saw-record-numbers-QK2Wcw","Migratory flows in 2017 – Pressure eased on Italy and Greece; Spain saw record numbers","2018-01-05"
"migratory-flows-in-april-overall-drop-but-more-detections-in-greece-and-spain-OGO6LA","Migratory flows in April: Overall drop, but more detections in Greece and Spain","2018-05-21"
"migratory-flows-in-august-numbers-continue-to-fall-in-italy-pressure-still-high-in-spain-y42VGs","Migratory flows in August: Numbers continue to fall in Italy, pressure still high in Spain","2017-09-18"
"migratory-flows-in-august-overall-arrivals-down-spain-accounts-for-more-than-half-of-the-total-KtkG0M","Migratory flows in August: Overall arrivals down, Spain accounts for more than half of the total","2018-09-14"
"migratory-flows-in-february-drop-in-italy-stable-in-greece-and-spain-9OWuge","Migratory flows in February: Drop in Italy, stable in Greece and Spain","2018-03-15"
"migratory-flows-in-january-arrivals-in-spain-and-greece-down-rise-in-italy-Zntmj0","Migratory flows in January: Arrivals in Spain and Greece down, rise in Italy","2018-02-13"
"migratory-flows-in-july-numbers-fall-in-italy-remain-high-in-spain-XBhJTt","Migratory flows in July: numbers fall in Italy, remain high in Spain","2017-08-16"
"migratory-flows-in-july-total-number-drops-spain-accounts-for-more-than-half-of-detections-UceVoq","Migratory flows in July: Total number drops, Spain accounts for more than half of detections","2018-08-13"
"migratory-flows-in-june-total-number-drops-spain-sees-the-biggest-number-of-arrivals-C8mP90","Migratory flows in June: Total number drops, Spain sees the biggest number of arrivals","2018-07-17"
"migratory-flows-in-march-fewer-arrivals-in-italy-JYGSWQ","Migratory flows in March: Fewer arrivals in Italy","2018-04-13"
"migratory-flows-in-may-decreasing-trend-but-pressure-remains-D6yq3Q","Migratory flows in May: Decreasing trend, but pressure remains","2018-06-18"
"migratory-flows-in-november-arrivals-down-in-italy-and-greece-rise-in-spain-obIoLa","Migratory flows in November - Arrivals down in Italy and Greece, rise in Spain","2017-12-11"
"migratory-flows-in-november-total-lower-western-mediterranean-the-most-active-route-hc6nz6","Migratory flows in November: Total lower, Western Mediterranean the most active route","2018-12-13"
"migratory-flows-in-october-down-by-a-third-spain-accounts-for-60-of-detections-ppaQPH","Migratory flows in October: Down by a third, Spain accounts for 60% of detections","2018-11-13"
"migratory-flows-in-october-overall-levels-remain-low-spain-arrivals-soar-tGrQTZ","Migratory flows in October: Overall levels remain low; Spain arrivals soar","2017-11-15"
"migratory-flows-in-september-arrivals-in-italy-lower-than-a-year-ago-more-departures-from-tunisia-and-algeria-i4mfbI","Migratory flows in September: Arrivals in Italy lower than a year ago, more departures from Tunisia and Algeria","2017-10-18"
"migratory-flows-in-september-total-down-by-a-third-spain-sees-significant-rise-nGctjY","Migratory flows in September: Total down by a third, Spain sees significant rise","2018-10-15"
"migratory-flows-remain-in-downward-trend-in-italy-after-big-drop-in-early-february-NaJ0gu","Migratory flows remain in downward trend in Italy after big drop in early February","2018-02-14"
"migratory-situation-in-april-fewer-migrants-reach-europe-l3XvUn","Migratory situation in April – Fewer migrants reach Europe","2019-05-14"
"migratory-situation-in-august-slight-increase-on-main-migratory-routes-2Xmzlk","Migratory situation in August – Slight increase on main migratory routes","2019-09-16"
"migratory-situation-in-february-detections-down-from-previous-month-7uHigt","Migratory situation in February – Detections down from previous month","2020-03-16"
"migratory-situation-in-february-poor-weather-reduces-the-number-of-detections-Uj3gnK","Migratory situation in February – Poor weather reduces the number of detections","2019-03-14"
"migratory-situation-in-january-detections-fall-except-for-central-med-onyPWK","Migratory situation in January – Detections fall, except for Central Med","2020-02-12"
"migratory-situation-in-january-western-mediterranean-accounts-for-half-of-detections-e7iKlP","Migratory situation in January – Western Mediterranean accounts for half of detections","2019-02-13"
"migratory-situation-in-july-arrivals-in-europe-up-slightly-from-previous-month-rlBoYl","Migratory situation in July – Arrivals in Europe up slightly from previous month","2019-08-13"
"migratory-situation-in-june-arrivals-in-europe-rise-slightly-wk1wkx","Migratory situation in June – Arrivals in Europe rise slightly","2019-07-11"
"migratory-situation-in-march-eastern-mediterranean-accounts-for-most-of-all-irregular-migrants-kIZYk5","Migratory situation in March – Eastern Mediterranean accounts for most of all irregular migrants","2019-04-09"
"migratory-situation-in-may-arrivals-in-europe-at-level-similar-to-previous-month-Kwih8M","Migratory situation in May – Arrivals in Europe at level similar to previous month","2019-06-13"
"migratory-situation-in-november-detections-fall-by-a-quarter-from-previous-month-Ghh6Wv","Migratory situation in November – Detections fall by a quarter from previous month","2019-12-12"
"migratory-situation-in-october-arrivals-in-eastern-mediterranean-down-from-september-zKJwug","Migratory situation in October – arrivals in Eastern Mediterranean down from September","2019-11-12"
"migratory-situation-in-september-eastern-mediterranean-accounts-for-most-arrivals-jB1gtA","Migratory situation in September – Eastern Mediterranean accounts for most arrivals","2019-10-16"
"missing-siem-pilot-crew-member-found-qkbtDH","Missing Siem Pilot crew member found","2015-09-17"
"monthly-analysis-of-migratory-trends-may-2015-f02aLN","Monthly analysis of migratory trends – May 2015","2015-06-23"
"more-technical-support-needed-for-operation-triton-IKo5CG","More technical support needed for Operation Triton","2014-10-13"
"more-than-500-000-migrants-detected-at-eu-external-borders-so-far-this-year-fGa82v","More than 500 000 migrants detected at EU external borders so far this year","2015-09-14"
"more-than-5000-migrants-saved-since-friday-triton-assets-fully-involved-tGMfVb","More than 5000 migrants saved since Friday - Triton assets fully involved","2015-05-31"
"nearly-all-selected-candidates-agree-to-join-frontex-standing-corps-ILQ7nC","Nearly all selected candidates agree to join Frontex standing corps","2020-05-29"
"new-contact-details-6cK9Bw","New contact details","2007-03-02"
"new-frontex-regulation-comes-into-force-S0luwe","New Frontex Regulation comes into force","2019-12-04"
"new-training-tool-for-european-border-guards-Xip2rT","New training tool for European border guards","2008-11-26"
"number-of-irregular-crossings-at-europe-s-borders-at-lowest-level-in-5-years-ZfkoRu","Number of irregular crossings at Europe’s borders at lowest level in 5 years","2019-01-04"
"number-of-migrants-arriving-in-greece-down-40-in-january-x3gZWu","Number of migrants arriving in Greece down 40% in January","2016-02-22"
"number-of-migrants-arriving-in-greece-dropped-90-in-april-6e7oBw","Number of migrants arriving in Greece dropped 90% in April","2016-05-13"
"number-of-migrants-arriving-in-greece-dropped-by-half-in-november-cITv3V","Number of migrants arriving in Greece dropped by half in November","2015-12-15"
"number-of-migrants-arriving-in-greece-dropped-in-march-aInDt3","Number of migrants arriving in Greece dropped in March","2016-04-18"
"number-of-migrants-arriving-in-italy-up-12-in-july-Nkrpt5","Number of migrants arriving in Italy up 12% in July","2016-08-12"
"number-of-migrants-in-one-month-above-100-000-for-first-time-I9MlIo","Number of migrants in one month above 100 000 for first time","2015-08-18"
"number-of-migrants-reaching-italy-fell-40-in-september-5LcATq","Number of migrants reaching Italy fell 40% in September","2016-10-21"
"one-year-of-capacity-building-in-the-western-balkans-and-turkey-ojX852","One year of capacity building in the Western Balkans and Turkey","2017-01-27"
"open-call-for-applications-for-the-selection-of-civil-society-organisations-to-become-members-of-the-frontex-consultative-forum-eMJAFu","Open call for applications for the selection of civil society organisations to become members of the Frontex Consultative Forum","2019-10-18"
"open-tender-procedure-provision-of-medical-services-pre-recruitment-examination-przetarg-otwarty-na-swiadczenie-uslug-medycznych-badania-lekarskie-przed-podjeciem-zatrudnienia-WFjcC4","Open tender  procedure: Provision of medical services – pre-recruitment examination/Przetarg otwarty na świadczenie usług medycznych - Badania lekarskie przed podjęciem zatrudnienia","2020-01-23"
"operation-dragon-delivers-major-blow-to-organised-crime-eIX6JE","Operation DRAGON delivers major blow to organised crime","2017-12-01"
"operation-meteor-records-increased-irregular-migration-at-bucharest-airport-NswtVz","Operation Meteor Records Increased Irregular Migration at Bucharest Airport","2010-12-01"
"osce-secretariat-and-frontex-strengthen-co-operation-to-combat-cross-border-crime-N2xIE1","OSCE Secretariat and Frontex strengthen co-operation to combat cross-border crime","2019-10-21"
"papoutsis-besson-malmstrom-and-laitinen-visit-rabit-operational-area-jkKZi9","Papoutsis, Besson, Malmström and Laitinen Visit RABIT Operational Area","2010-11-05"
"perspectives-of-operational-european-border-security-cooperation-boppard-germany-from-15-to-17-april-2007--WVgUZs","Perspectives of Operational European Border Security Cooperation’, Boppard, Germany, from 15 to 17 April 2007.","2007-04-19"
"photo-competition-4kz50l","Photo Competition","2013-02-22"
"poland-s-new-foreign-minister-visits-frontex-G8UtFC","Poland’s new Foreign Minister visits Frontex","2015-11-17"
"poseidon-2011-migrants-smugglers-open-fire-on-border-guards-ZpmqYU","Poseidon 2011: Migrants smugglers open fire on border guards","2011-05-20"
"press-statement-on-sudden-increased-migratory-situation-in-lampedusa-YkbG1a","Press statement on Sudden Increased Migratory Situation in Lampedusa","2011-02-14"
"preventing-and-combating-trafficking-in-human-beings-ask-the-experts-0Bpf3F","Preventing and Combating Trafficking in Human Beings: Ask the Experts","2012-09-14"
"project-external-quality-assurance-group-zW4JQQ","Project External Quality Assurance Group","2013-01-16"
"rabit-operation-2010-ends-replaced-by-jo-poseidon-2011-iA6Kaq","RABIT Operation 2010 Ends, Replaced By JO Poseidon 2011","2011-03-03"
"rabit-operation-situational-update-pwIcR8","RABIT Operation - Situational Update","2011-01-13"
"ralf-goebel-re-elected-as-chair-of-frontex-management-board-sMDkXg","Ralf Goebel Re-elected as Chair of Frontex Management Board","2013-11-28"
"rapid-border-intervention-teams-first-time-in-action-btjSw0","Rapid Border Intervention Teams first time in action","2007-11-06"
"rapid-border-intervention-teams-rabits-exercise-in-slovenia-S40V3u","Rapid Border Intervention Teams (RABITS) Exercise in Slovenia","2008-04-10"
"record-number-of-migrants-enter-greece-in-july-dMt39y","Record number of migrants enter Greece in July","2015-08-07"
"record-number-of-migrants-reached-italy-in-october-sc99xk","Record number of migrants reached Italy in October","2016-11-16"
"recruitment-procedure-2007-launched-S187bj","Recruitment Procedure 2007 Launched","2007-01-23"
"recruitment-procedure-2007-new-vacancy-notices-McmMfU","Recruitment Procedure 2007 - New Vacancy Notices","2007-04-24"
"request-for-help-over-migratory-pressure-in-lampedusa-0H2ukS","Request for Help over Migratory Pressure in Lampedusa","2011-02-15"
"research-conference-on-the-future-of-risk-analysis-JQZmMv","Research Conference on the Future of Risk Analysis","2011-09-28"
"save-the-children-selected-for-frontex-consultative-forum-IEpkPY","Save the Children selected for Frontex Consultative Forum","2017-09-27"
"second-annual-report-of-frontex-consultative-forum-published-4wLUS4","Second Annual Report of Frontex Consultative Forum published","2015-07-09"
"second-exercise-of-northern-lights-2008-completed--DoENxv","Second exercise of Northern Lights 2008 completed ","2009-02-18"
"second-round-of-frontex-recruitment-procedure-2007-uTqMA8","Second round of Frontex recruitment procedure 2007","2007-02-19"
"secure-and-interoperable-border-communications-Qds8TO","Secure and Interoperable Border Communications","2008-06-02"
"seventh-esrif-plenary-session-in-berlin-14BAtx","Seventh ESRIF Plenary Session in Berlin","2009-03-12"
"share-of-syrians-arriving-on-greek-islands-has-fallen-in-recent-months-POQt0V","Share of Syrians arriving on Greek islands has fallen in recent months","2016-01-28"
"situation-at-eu-external-borders-in-april-detections-lowest-since-2009-mJE5Uv","Situation at EU external borders in April – Detections lowest since 2009","2020-05-12"
"situation-at-eu-external-borders-in-march-detections-halved-from-previous-month-mZrikq","Situation at EU external borders in March – Detections halved from previous month","2020-04-16"
"situation-at-eu-external-borders-in-may-detections-rebound-from-record-lows-M5smNj","Situation at EU external borders in May – Detections rebound from record lows","2020-06-15"
"situation-at-the-external-borders-2008-2009-diH6zF","Situation at the External Borders 2008/2009","2010-07-07"
"situational-update-migratory-influx-to-southern-italy-kX2phP","Situational Update: Migratory Influx to Southern Italy","2011-02-15"
"situational-update-migratory-situation-at-the-greek-turkish-border-bvud4C","Situational update: Migratory situation at the Greek-Turkish border","2012-10-03"
"situational-update-on-migratory-flows-in-february-2015-R7HeSD","Situational update on migratory flows in February 2015","2015-03-24"
"smart-borders-bringing-frontex-and-customs-closer-together-AzessI","Smart borders: bringing Frontex and customs closer together","2019-03-12"
"smugglers-fire-shots-in-migrant-rescue-operation-yrzoyZ","Smugglers fire shots in migrant rescue operation","2015-04-14"
"so-far-210-candidates-accepted-offers-to-join-standing-corps-hk1Dxx","So far, 210 candidates accepted offers to join standing corps","2020-05-26"
"south-american-illegal-migration-tackled-by-frontex-LuHHnQ","South American illegal migration tackled by FRONTEX","2007-02-23"
"split-hosts-first-european-coast-guard-exercise-bVl0ZR","Split hosts first European Coast Guard exercise","2016-10-11"
"statement-by-the-frontex-management-board-z80tXy","Statement by the Frontex Management Board","2020-03-03"
"suspicious-vessels-people-and-drug-smugglers-arrested-as-part-of-frontex-coordinated-operation-0SIk49","Suspicious vessels, people and drug smugglers arrested as part of Frontex-coordinated operation","2019-06-14"
"swedish-officer-injured-in-lesbos-yxiA3o","Swedish officer injured in Lesbos","2015-11-12"
"swedish-vessel-rammed-by-suspected-smugglers-45qPNK","Swedish vessel rammed by suspected smugglers","2015-10-08"
"the-agency-led-two-international-operations-focusing-on-cross-border-crimes-lOPBht","The agency led two international operations focusing on cross-border crimes","2016-10-07"
"the-feasibility-of-a-european-system-of-border-guards-conference-report-8oh7F6","The Feasibility of a European System of Border Guards Conference Report","2014-02-14"
"the-netherlands-foreign-affairs-minister-visits-frontex-GF49xb","The Netherlands Foreign Affairs Minister visits Frontex","2015-07-09"
"third-annual-report-of-frontex-consultative-forum-on-fundamental-rights-published-RpreBJ","Third Annual Report of Frontex Consultative Forum on Fundamental Rights published","2016-04-26"
"third-european-day-for-border-guards-9xDc7w","Third European Day for Border Guards","2012-05-29"
"third-rabit-exercise-on-romanian-moldovan-border-concluded-szBIEC","Third “RABIT” exercise on Romanian-Moldovan border concluded","2008-10-29"
"three-day-long-coast-guard-exercise-takes-place-in-troia-portugal-zydgfw","Three-day long coast guard exercise takes place in Troia, Portugal","2017-05-26"
"two-years-of-capacity-building-in-eastern-partnership-countries-BsR4zF","Two years of capacity building in Eastern Partnership countries","2016-08-18"
"unaccompanied-minors-in-the-migration-process-lkCZTF","Unaccompanied Minors in the Migration Process","2010-12-13"
"update-icgv-tyr-conducts-search-and-rescue-of-450-migrants-9zLoW0","Update: ICGV Týr conducts search and rescue of 450 migrants","2015-01-03"
"update-on-central-mediterranean-route-5wQPyW","Update on Central Mediterranean Route","2013-10-04"
"update-to-joint-operation-hermes-2011-7DIILz","Update to Joint Operation Hermes 2011","2011-03-11"
"update-to-joint-operation-poseidon-2011-jzZfWV","Update to Joint Operation Poseidon 2011","2011-03-26"
"vega-children-2015-helps-crack-down-on-child-trafficking-YJPBAR","VEGA Children 2015 helps crack down on child trafficking","2015-07-09"
"vessels-deployed-by-frontex-help-rescue-2-800-people-in-central-mediterranean-IzHwua","Vessels deployed by Frontex help rescue 2 800 people in Central Mediterranean","2017-05-07"
"vice-president-schinas-and-commissioner-johansson-visit-frontex-XIAirJ","Vice President Schinas and Commissioner Johansson visit Frontex","2020-02-03"
"warsaw-to-host-5th-eu-anti-trafficking-day-on-18-october-MsmQ7M","Warsaw to Host 5th EU Anti-Trafficking Day on 18 October","2011-08-30"
"we-are-recruiting-frontex-border-guards-qd1BSA","We are recruiting Frontex border guards","2019-10-24"
"weekend-arrivals-at-5600-all-frontex-deployed-assets-engaged-in-sar-DLwdPS","Weekend arrivals at 5600 – all Frontex deployed assets engaged in SAR","2015-06-09"
"western-balkans-annual-risk-analysis-2010-huXn8X","Western Balkans Annual Risk Analysis 2010","2010-11-19"
"western-balkans-annual-risk-analysis-2011-RYxvn0","Western Balkans Annual Risk Analysis 2011","2011-05-26"
"western-balkans-annual-risk-analysis-2012-ELwIax","Western Balkans Annual Risk Analysis 2012","2012-05-15"
"working-arrangement-between-frontex-and-albania-signed-mcu4eM","Working Arrangement between Frontex and Albania signed","2009-02-20"
"working-arrangement-between-frontex-and-bih-0xX3nz","Working arrangement between Frontex and BiH","2009-04-03"
"working-arrangement-between-frontex-and-georgia-signed-RsYvUV","Working arrangement between Frontex and Georgia signed","2008-12-04"
"working-arrangement-between-frontex-and-the-republic-of-moldova-signed-cFMGoq","Working arrangement between Frontex and the Republic of Moldova signed","2008-08-12"
"working-arrangement-with-serbia-concluded--eEotXw","Working Arrangement with Serbia concluded ","2009-02-19"
"working-arrangement-with-the-fyr-of-macedonia-concluded-10iaEG","Working Arrangement with the fYR of Macedonia Concluded","2009-02-03"
"workshop-on-innovation-in-border-control-2013-hG6s9u","Workshop  on  Innovation  in  Border  Control 2013","2013-07-04"
"workshop-on-innovation-in-border-control-odense-dk-22-23-august-MkdMa5","Workshop on Innovation in Border Control, Odense (DK), 22-23 August","2012-07-05"
